Date,Avg_Temp
01-11-1743,5.468
01-12-1743,
01-01-1744,
01-02-1744,
01-03-1744,
01-04-1744,8.438
01-05-1744,11.498
01-06-1744,14.262
01-07-1744,16.293
01-08-1744,
01-09-1744,13.05
01-10-1744,8.564
01-11-1744,4.164
01-12-1744,0.064
01-01-1745,-2.466
01-02-1745,-1.641
01-03-1745,1.968
01-04-1745,6.816
01-05-1745,
01-06-1745,
01-07-1745,
01-08-1745,
01-09-1745,
01-10-1745,
01-11-1745,
01-12-1745,
01-01-1746,
01-02-1746,
01-03-1746,
01-04-1746,
01-05-1746,
01-06-1746,
01-07-1746,
01-08-1746,
01-09-1746,
01-10-1746,
01-11-1746,
01-12-1746,
01-01-1747,
01-02-1747,
01-03-1747,
01-04-1747,
01-05-1747,
01-06-1747,
01-07-1747,
01-08-1747,
01-09-1747,
01-10-1747,
01-11-1747,
01-12-1747,
01-01-1748,
01-02-1748,
01-03-1748,
01-04-1748,
01-05-1748,
01-06-1748,
01-07-1748,
01-08-1748,
01-09-1748,
01-10-1748,
01-11-1748,
01-12-1748,
01-01-1749,
01-02-1749,
01-03-1749,
01-04-1749,
01-05-1749,
01-06-1749,
01-07-1749,
01-08-1749,
01-09-1749,
01-10-1749,
01-11-1749,
01-12-1749,
01-01-1750,-0.447
01-02-1750,3.333
01-03-1750,6.353
01-04-1750,7.956
01-05-1750,12.218
01-06-1750,15.486
01-07-1750,18.512
01-08-1750,16.788
01-09-1750,13.359
01-10-1750,6.09
01-11-1750,
01-12-1750,-0.223
01-01-1751,-1.12
01-02-1751,-2.51
01-03-1751,5.086
01-04-1751,6.384
01-05-1751,
01-06-1751,16.229
01-07-1751,17.459
01-08-1751,17.454
01-09-1751,12.492
01-10-1751,
01-11-1751,
01-12-1751,
01-01-1752,-1.1
01-02-1752,
01-03-1752,4.302
01-04-1752,7.25
01-05-1752,
01-06-1752,
01-07-1752,
01-08-1752,
01-09-1752,
01-10-1752,8.423
01-11-1752,4.921
01-12-1752,1.646
01-01-1753,-3.234
01-02-1753,-0.367
01-03-1753,4.939
01-04-1753,8.075
01-05-1753,12.392
01-06-1753,16.75
01-07-1753,17.692
01-08-1753,16.026
01-09-1753,13.874
01-10-1753,9.046
01-11-1753,2.312
01-12-1753,-1.155
01-01-1754,-1.733
01-02-1754,-1.735
01-03-1754,0.251
01-04-1754,6.948
01-05-1754,13.333
01-06-1754,15.815
01-07-1754,16.097
01-08-1754,16.853
01-09-1754,13.017
01-10-1754,9.527
01-11-1754,4.297
01-12-1754,0.448
01-01-1755,-5.97
01-02-1755,-4.718
01-03-1755,2.259
01-04-1755,10.475
01-05-1755,12.152
01-06-1755,18.031
01-07-1755,17.555
01-08-1755,15.667
01-09-1755,12.393
01-10-1755,7.818
01-11-1755,3.356
01-12-1755,1.222
01-01-1756,1.733
01-02-1756,2.23
01-03-1756,3.952
01-04-1756,6.467
01-05-1756,11.61
01-06-1756,18.014
01-07-1756,18.377
01-08-1756,16.192
01-09-1756,14.623
01-10-1756,8.259
01-11-1756,1.579
01-12-1756,-2.131
01-01-1757,-3.019
01-02-1757,0.683
01-03-1757,3.577
01-04-1757,8.575
01-05-1757,12.189
01-06-1757,17.345
01-07-1757,20.889
01-08-1757,17.448
01-09-1757,12.169
01-10-1757,4.529
01-11-1757,4.239
01-12-1757,-1.321
01-01-1758,-4.647
01-02-1758,-0.478
01-03-1758,3.308
01-04-1758,6.312
01-05-1758,13.927
01-06-1758,16.734
01-07-1758,15.532
01-08-1758,17.088
01-09-1758,11.781
01-10-1758,6.47
01-11-1758,3.302
01-12-1758,0.624
01-01-1759,1.416
01-02-1759,2.087
01-03-1759,4.29
01-04-1759,7.662
01-05-1759,11.564
01-06-1759,16.699
01-07-1759,19.504
01-08-1759,17.486
01-09-1759,13.549
01-10-1759,9.287
01-11-1759,0.509
01-12-1759,-3.1
01-01-1760,-2.846
01-02-1760,-0.919
01-03-1760,2.051
01-04-1760,8.204
01-05-1760,12.8
01-06-1760,16.904
01-07-1760,17.651
01-08-1760,16.83
01-09-1760,14.6
01-10-1760,8.617
01-11-1760,3.767
01-12-1760,2.903
01-01-1761,-1.521
01-02-1761,2.105
01-03-1761,5.738
01-04-1761,7.406
01-05-1761,14.157
01-06-1761,17.556
01-07-1761,17.424
01-08-1761,18.497
01-09-1761,15.239
01-10-1761,6.216
01-11-1761,3.314
01-12-1761,-2.977
01-01-1762,0.749
01-02-1762,-0.07
01-03-1762,0.451
01-04-1762,10.119
01-05-1762,13.53
01-06-1762,16.432
01-07-1762,18.141
01-08-1762,15.396
01-09-1762,13.182
01-10-1762,5.893
01-11-1762,2.614
01-12-1762,-2.766
01-01-1763,-5.591
01-02-1763,2.81
01-03-1763,2.08
01-04-1763,6.568
01-05-1763,11.363
01-06-1763,15.624
01-07-1763,17.785
01-08-1763,17.915
01-09-1763,12.325
01-10-1763,6.474
01-11-1763,2.897
01-12-1763,2.295
01-01-1764,1.796
01-02-1764,3.19
01-03-1764,2.133
01-04-1764,6.901
01-05-1764,14.243
01-06-1764,14.868
01-07-1764,18.833
01-08-1764,15.753
01-09-1764,11.661
01-10-1764,6.888
01-11-1764,2.552
01-12-1764,-0.293
01-01-1765,0.827
01-02-1765,-2.92
01-03-1765,5.077
01-04-1765,8.159
01-05-1765,11.119
01-06-1765,16.052
01-07-1765,15.479
01-08-1765,17.361
01-09-1765,12.635
01-10-1765,8.802
01-11-1765,3.158
01-12-1765,-1.134
01-01-1766,-3.771
01-02-1766,-1.441
01-03-1766,3.531
01-04-1766,9.285
01-05-1766,13.15
01-06-1766,16.261
01-07-1766,17.058
01-08-1766,16.893
01-09-1766,13.938
01-10-1766,7.658
01-11-1766,3.843
01-12-1766,-1.394
01-01-1767,-7.856
01-02-1767,2.623
01-03-1767,3.175
01-04-1767,5.644
01-05-1767,10.964
01-06-1767,14.5
01-07-1767,17.028
01-08-1767,17.323
01-09-1767,13.947
01-10-1767,8.329
01-11-1767,5.718
01-12-1767,-2.151
01-01-1768,-5.196
01-02-1768,-0.693
01-03-1768,1.386
01-04-1768,7.227
01-05-1768,12.299
01-06-1768,15.525
01-07-1768,17.64
01-08-1768,16.985
01-09-1768,12.31
01-10-1768,7.321
01-11-1768,3.767
01-12-1768,0.391
01-01-1769,0.218
01-02-1769,-0.034
01-03-1769,3.014
01-04-1769,7.854
01-05-1769,11.83
01-06-1769,14.95
01-07-1769,17.276
01-08-1769,16.021
01-09-1769,13.622
01-10-1769,4.425
01-11-1769,3.668
01-12-1769,0.685
01-01-1770,-1.869
01-02-1770,-0.064
01-03-1770,0.201
01-04-1770,5.62
01-05-1770,12.388
01-06-1770,14.959
01-07-1770,16.701
01-08-1770,17.266
01-09-1770,14.84
01-10-1770,8.103
01-11-1770,3.537
01-12-1770,1.793
01-01-1771,-2.353
01-02-1771,-2.523
01-03-1771,-0.413
01-04-1771,3.649
01-05-1771,14.693
01-06-1771,15.539
01-07-1771,16.836
01-08-1771,15.363
01-09-1771,13.273
01-10-1771,8.282
01-11-1771,1.363
01-12-1771,1.601
01-01-1772,-1.342
01-02-1772,1.491
01-03-1772,3.824
01-04-1772,6.502
01-05-1772,10.207
01-06-1772,16.972
01-07-1772,17.105
01-08-1772,16.896
01-09-1772,14.514
01-10-1772,9.97
01-11-1772,5.751
01-12-1772,1.395
01-01-1773,1.225
01-02-1773,-1.127
01-03-1773,2.811
01-04-1773,7.68
01-05-1773,13.364
01-06-1773,15.288
01-07-1773,16.569
01-08-1773,17.066
01-09-1773,14.184
01-10-1773,9.83
01-11-1773,4.007
01-12-1773,2.523
01-01-1774,-1.816
01-02-1774,1.029
01-03-1774,4.948
01-04-1774,9.176
01-05-1774,12.604
01-06-1774,16.58
01-07-1774,16.942
01-08-1774,17.272
01-09-1774,12.307
01-10-1774,7.946
01-11-1774,-0.933
01-12-1774,-1.959
01-01-1775,-0.871
01-02-1775,3.495
01-03-1775,4.649
01-04-1775,6.607
01-05-1775,11.497
01-06-1775,18.179
01-07-1775,18.403
01-08-1775,18.202
01-09-1775,15.327
01-10-1775,8.935
01-11-1775,2.396
01-12-1775,0.589
01-01-1776,-7.164
01-02-1776,2.093
01-03-1776,4.594
01-04-1776,7.599
01-05-1776,10.421
01-06-1776,16.369
01-07-1776,18.336
01-08-1776,17.286
01-09-1776,12.996
01-10-1776,7.901
01-11-1776,2.859
01-12-1776,-0.582
01-01-1777,-2.702
01-02-1777,-1.833
01-03-1777,3.999
01-04-1777,5.682
01-05-1777,12.47
01-06-1777,15.188
01-07-1777,16.377
01-08-1777,17.548
01-09-1777,12.799
01-10-1777,8.685
01-11-1777,4.909
01-12-1777,-0.838
01-01-1778,-1.454
01-02-1778,-1.085
01-03-1778,3.44
01-04-1778,9.432
01-05-1778,13.945
01-06-1778,15.901
01-07-1778,19.792
01-08-1778,18.136
01-09-1778,11.746
01-10-1778,6.377
01-11-1778,4.613
01-12-1778,3.655
01-01-1779,-3.542
01-02-1779,3.014
01-03-1779,5.316
01-04-1779,10.163
01-05-1779,14.181
01-06-1779,14.995
01-07-1779,17.798
01-08-1779,18.637
01-09-1779,15.446
01-10-1779,10.636
01-11-1779,4.342
01-12-1779,2.651
01-01-1780,-4
01-02-1780,-2.087
01-03-1780,6.568
01-04-1780,6.601
01-05-1780,13.403
01-06-1780,15.682
01-07-1780,17.676
01-08-1780,18.681
01-09-1780,13.683
01-10-1780,9.479
01-11-1780,2.825
01-12-1780,-1.3
01-01-1781,-1.715
01-02-1781,1.252
01-03-1781,4.684
01-04-1781,9.755
01-05-1781,13.791
01-06-1781,17.732
01-07-1781,18.437
01-08-1781,19.42
01-09-1781,15.383
01-10-1781,7.277
01-11-1781,3.672
01-12-1781,0.342
01-01-1782,1.117
01-02-1782,-3.311
01-03-1782,2.366
01-04-1782,6.492
01-05-1782,11.898
01-06-1782,17.355
01-07-1782,19.019
01-08-1782,16.722
01-09-1782,13.833
01-10-1782,6.21
01-11-1782,0.125
01-12-1782,-0.692
01-01-1783,1.371
01-02-1783,2.791
01-03-1783,1.57
01-04-1783,8.486
01-05-1783,13.563
01-06-1783,17.241
01-07-1783,19.771
01-08-1783,17.721
01-09-1783,14.446
01-10-1783,9.238
01-11-1783,3.199
01-12-1783,-2.976
01-01-1784,-6.615
01-02-1784,-3.337
01-03-1784,0.932
01-04-1784,4.756
01-05-1784,14.415
01-06-1784,16.362
01-07-1784,17.468
01-08-1784,16.39
01-09-1784,14.857
01-10-1784,5.367
01-11-1784,4.154
01-12-1784,-1.865
01-01-1785,-1.81
01-02-1785,-3.259
01-03-1785,-3.336
01-04-1785,4.476
01-05-1785,11.546
01-06-1785,15.252
01-07-1785,16.676
01-08-1785,15.754
01-09-1785,15.068
01-10-1785,7.778
01-11-1785,3.789
01-12-1785,-0.873
01-01-1786,-0.766
01-02-1786,-0.582
01-03-1786,0.261
01-04-1786,8.996
01-05-1786,11.508
01-06-1786,16.798
01-07-1786,15.448
01-08-1786,15.562
01-09-1786,11.834
01-10-1786,5.853
01-11-1786,-0.482
01-12-1786,-0.249
01-01-1787,-2.656
01-02-1787,1.572
01-03-1787,4.911
01-04-1787,6.324
01-05-1787,11.001
01-06-1787,16.531
01-07-1787,16.589
01-08-1787,17.09
01-09-1787,13.402
01-10-1787,10.037
01-11-1787,3.654
01-12-1787,2.129
01-01-1788,0.455
01-02-1788,0.071
01-03-1788,1.972
01-04-1788,7.881
01-05-1788,13.424
01-06-1788,17.012
01-07-1788,19.503
01-08-1788,16.123
01-09-1788,14.794
01-10-1788,7.608
01-11-1788,1.376
01-12-1788,-6.971
01-01-1789,-4.182
01-02-1789,1.791
01-03-1789,-1.739
01-04-1789,7.797
01-05-1789,14.971
01-06-1789,14.911
01-07-1789,17.569
01-08-1789,17.162
01-09-1789,13.489
01-10-1789,8.31
01-11-1789,3.219
01-12-1789,2.164
01-01-1790,0.476
01-02-1790,2.868
01-03-1790,4.32
01-04-1790,5.626
01-05-1790,14.07
01-06-1790,16.223
01-07-1790,15.731
01-08-1790,16.641
01-09-1790,12.207
01-10-1790,7.923
01-11-1790,2.78
01-12-1790,1.001
01-01-1791,2.097
01-02-1791,1.161
01-03-1791,4.177
01-04-1791,9.759
01-05-1791,11.653
01-06-1791,15.517
01-07-1791,17.565
01-08-1791,18.36
01-09-1791,12.897
01-10-1791,8.093
01-11-1791,1.701
01-12-1791,0.621
01-01-1792,-1.307
01-02-1792,-1.125
01-03-1792,3.871
01-04-1792,9.303
01-05-1792,11.578
01-06-1792,15.887
01-07-1792,18.335
01-08-1792,17.773
01-09-1792,12.317
01-10-1792,7.989
01-11-1792,3.133
01-12-1792,0.664
01-01-1793,-2.748
01-02-1793,2.285
01-03-1793,3.269
01-04-1793,6.032
01-05-1793,11.541
01-06-1793,14.49
01-07-1793,19.395
01-08-1793,17.908
01-09-1793,12.417
01-10-1793,10.229
01-11-1793,4.166
01-12-1793,1.964
01-01-1794,-0.56
01-02-1794,3.488
01-03-1794,6.483
01-04-1794,11.043
01-05-1794,12.873
01-06-1794,17.058
01-07-1794,20.343
01-08-1794,16.396
01-09-1794,12.026
01-10-1794,8.295
01-11-1794,4.233
01-12-1794,-2.13
01-01-1795,-8.176
01-02-1795,-0.876
01-03-1795,2.234
01-04-1795,9.927
01-05-1795,11.696
01-06-1795,16.692
01-07-1795,15.542
01-08-1795,17.243
01-09-1795,14.81
01-10-1795,11.671
01-11-1795,2.494
01-12-1795,3.194
01-01-1796,4.659
01-02-1796,1.475
01-03-1796,0.367
01-04-1796,7.009
01-05-1796,12.144
01-06-1796,15.411
01-07-1796,17.165
01-08-1796,17.506
01-09-1796,15.074
01-10-1796,7.779
01-11-1796,2.378
01-12-1796,-2.818
01-01-1797,-0.179
01-02-1797,1.477
01-03-1797,2.473
01-04-1797,9.03
01-05-1797,14.342
01-06-1797,14.552
01-07-1797,19.345
01-08-1797,18.238
01-09-1797,14.56
01-10-1797,8.283
01-11-1797,4.088
01-12-1797,2.069
01-01-1798,-0.269
01-02-1798,1.967
01-03-1798,2.901
01-04-1798,8.96
01-05-1798,13.88
01-06-1798,17.19
01-07-1798,17.828
01-08-1798,18.028
01-09-1798,14.693
01-10-1798,8.37
01-11-1798,2.618
01-12-1798,-4.217
01-01-1799,-5.999
01-02-1799,-2.045
01-03-1799,1.344
01-04-1799,5.27
01-05-1799,10.729
01-06-1799,14.246
01-07-1799,16.289
01-08-1799,16.72
01-09-1799,12.886
01-10-1799,7.674
01-11-1799,3.583
01-12-1799,-4.94
01-01-1800,-1.39
01-02-1800,-2.103
01-03-1800,-0.962
01-04-1800,12.192
01-05-1800,14.997
01-06-1800,13.16
01-07-1800,16.594
01-08-1800,18.049
01-09-1800,14.057
01-10-1800,7.84
01-11-1800,4.759
01-12-1800,0.087
01-01-1801,0.617
01-02-1801,-0.259
01-03-1801,4.966
01-04-1801,7.909
01-05-1801,14.853
01-06-1801,14.259
01-07-1801,16.981
01-08-1801,16.696
01-09-1801,14.808
01-10-1801,9.846
01-11-1801,4.463
01-12-1801,0.589
01-01-1802,-4.373
01-02-1802,0
01-03-1802,3.645
01-04-1802,8.379
01-05-1802,11.354
01-06-1802,15.824
01-07-1802,16.029
01-08-1802,19.145
01-09-1802,13.624
01-10-1802,10.682
01-11-1802,3.825
01-12-1802,0.986
01-01-1803,-5.48
01-02-1803,-2.737
01-03-1803,2.222
01-04-1803,10.013
01-05-1803,10.541
01-06-1803,14.64
01-07-1803,18.693
01-08-1803,17.919
01-09-1803,11.262
01-10-1803,7.364
01-11-1803,3.543
01-12-1803,0.271
01-01-1804,2.152
01-02-1804,-1.37
01-03-1804,0.683
01-04-1804,6.578
01-05-1804,13.866
01-06-1804,16.032
01-07-1804,17.434
01-08-1804,16.608
01-09-1804,14.84
01-10-1804,8.892
01-11-1804,1.71
01-12-1804,-3.362
01-01-1805,-4.606
01-02-1805,-1.218
01-03-1805,2.171
01-04-1805,5.817
01-05-1805,10.337
01-06-1805,13.844
01-07-1805,16.037
01-08-1805,15.499
01-09-1805,14.221
01-10-1805,4.917
01-11-1805,0.411
01-12-1805,0.264
01-01-1806,1.821
01-02-1806,2.244
01-03-1806,3.179
01-04-1806,4.897
01-05-1806,14.565
01-06-1806,14.605
01-07-1806,16.474
01-08-1806,16.659
01-09-1806,14.309
01-10-1806,8.041
01-11-1806,5.296
01-12-1806,4.688
01-01-1807,-0.665
01-02-1807,1.509
01-03-1807,0.323
01-04-1807,6.084
01-05-1807,13.509
01-06-1807,15.064
01-07-1807,19.283
01-08-1807,20.931
01-09-1807,11.884
01-10-1807,9.338
01-11-1807,4.346
01-12-1807,0.355
01-01-1808,-0.873
01-02-1808,-1.193
01-03-1808,-1.255
01-04-1808,4.997
01-05-1808,14.74
01-06-1808,15.264
01-07-1808,19.266
01-08-1808,18.552
01-09-1808,13.747
01-10-1808,6.611
01-11-1808,2.696
01-12-1808,-4.761
01-01-1809,-3.014
01-02-1809,2.932
01-03-1809,2.483
01-04-1809,3.901
01-05-1809,13.851
01-06-1809,14.962
01-07-1809,17.033
01-08-1809,17.295
01-09-1809,13.401
01-10-1809,7.106
01-11-1809,2.442
01-12-1809,1.868
01-01-1810,-3.713
01-02-1810,-2.11
01-03-1810,3.735
01-04-1810,6.448
01-05-1810,11.423
01-06-1810,14.202
01-07-1810,17.177
01-08-1810,16.811
01-09-1810,15.553
01-10-1810,7.867
01-11-1810,3.922
01-12-1810,1.631
01-01-1811,-5.199
01-02-1811,0.523
01-03-1811,5.399
01-04-1811,8.454
01-05-1811,15.784
01-06-1811,18.46
01-07-1811,18.983
01-08-1811,16.957
01-09-1811,13.567
01-10-1811,11.195
01-11-1811,4.831
01-12-1811,0.772
01-01-1812,-3.543
01-02-1812,1.037
01-03-1812,2.108
01-04-1812,3.831
01-05-1812,12.899
01-06-1812,15.356
01-07-1812,15.53
01-08-1812,16.285
01-09-1812,12.447
01-10-1812,9.507
01-11-1812,1.264
01-12-1812,-5.566
01-01-1813,-3.488
01-02-1813,2.581
01-03-1813,2.904
01-04-1813,8.666
01-05-1813,12.899
01-06-1813,14.45
01-07-1813,16.323
01-08-1813,15.287
01-09-1813,12.401
01-10-1813,7.264
01-11-1813,2.87
01-12-1813,0.037
01-01-1814,-4.351
01-02-1814,-5.393
01-03-1814,0.11
01-04-1814,9.128
01-05-1814,10.021
01-06-1814,13.711
01-07-1814,18.066
01-08-1814,16.064
01-09-1814,11.401
01-10-1814,6.874
01-11-1814,4.141
01-12-1814,1.948
01-01-1815,-4.357
01-02-1815,2.303
01-03-1815,5.316
01-04-1815,7.964
01-05-1815,13.148
01-06-1815,15.57
01-07-1815,15.128
01-08-1815,15.636
01-09-1815,12.403
01-10-1815,8.478
01-11-1815,1.822
01-12-1815,-1.828
01-01-1816,-0.552
01-02-1816,-1.941
01-03-1816,2.132
01-04-1816,7.258
01-05-1816,10.296
01-06-1816,13.645
01-07-1816,15.436
01-08-1816,14.518
01-09-1816,12.075
01-10-1816,7.686
01-11-1816,1.149
01-12-1816,-0.53
01-01-1817,1.606
01-02-1817,3.131
01-03-1817,2.734
01-04-1817,3.591
01-05-1817,11.697
01-06-1817,16.846
01-07-1817,16.053
01-08-1817,15.926
01-09-1817,14.715
01-10-1817,4.883
01-11-1817,5.139
01-12-1817,-0.932
01-01-1818,0.744
01-02-1818,0.42
01-03-1818,3.696
01-04-1818,8.322
01-05-1818,12.044
01-06-1818,16.65
01-07-1818,17.982
01-08-1818,15.663
01-09-1818,13.359
01-10-1818,7.89
01-11-1818,4.53
01-12-1818,-1.93
01-01-1819,0.496
01-02-1819,1.54
01-03-1819,3.973
01-04-1819,8.572
01-05-1819,13.126
01-06-1819,16.729
01-07-1819,18.469
01-08-1819,18.163
01-09-1819,14.012
01-10-1819,7.493
01-11-1819,2.113
01-12-1819,-1.65
01-01-1820,-4.85
01-02-1820,0.305
01-03-1820,1.602
01-04-1820,9.18
01-05-1820,13.318
01-06-1820,13.332
01-07-1820,16.108
01-08-1820,18.26
01-09-1820,12.115
01-10-1820,7.583
01-11-1820,0.904
01-12-1820,-1.712
01-01-1821,-0.214
01-02-1821,-1.961
01-03-1821,2.726
01-04-1821,9.979
01-05-1821,11.191
01-06-1821,12.946
01-07-1821,15.042
01-08-1821,16.485
01-09-1821,14.352
01-10-1821,8.368
01-11-1821,6.215
01-12-1821,3.458
01-01-1822,0.858
01-02-1822,3.029
01-03-1822,6.681
01-04-1822,9.017
01-05-1822,14.175
01-06-1822,18.128
01-07-1822,18.026
01-08-1822,16.552
01-09-1822,12.707
01-10-1822,10.094
01-11-1822,5.745
01-12-1822,-2.828
01-01-1823,-7.629
01-02-1823,0.642
01-03-1823,3.348
01-04-1823,6.066
01-05-1823,13.336
01-06-1823,14.528
01-07-1823,16.023
01-08-1823,17.673
01-09-1823,13.315
01-10-1823,8.294
01-11-1823,3.43
01-12-1823,2.122
01-01-1824,0.108
01-02-1824,1.479
01-03-1824,2.323
01-04-1824,6.252
01-05-1824,11.169
01-06-1824,14.852
01-07-1824,17.019
01-08-1824,16.52
01-09-1824,14.709
01-10-1824,8.771
01-11-1824,5.51
01-12-1824,4.077
01-01-1825,0.8
01-02-1825,0.281
01-03-1825,0.877
01-04-1825,8.905
01-05-1825,12.574
01-06-1825,15.255
01-07-1825,17.328
01-08-1825,16.943
01-09-1825,14.483
01-10-1825,8.29
01-11-1825,5.01
01-12-1825,3.791
01-01-1826,-6.377
01-02-1826,1.503
01-03-1826,3.964
01-04-1826,7.466
01-05-1826,11.49
01-06-1826,16.642
01-07-1826,19.799
01-08-1826,19.803
01-09-1826,14.219
01-10-1826,9.682
01-11-1826,2.777
01-12-1826,1.645
01-01-1827,-2.907
01-02-1827,-6.098
01-03-1827,4.313
01-04-1827,9.315
01-05-1827,14.201
01-06-1827,16.597
01-07-1827,18.46
01-08-1827,16.347
01-09-1827,14.088
01-10-1827,9.288
01-11-1827,0.908
01-12-1827,3.307
01-01-1828,-0.608
01-02-1828,-0.377
01-03-1828,3.916
01-04-1828,8.323
01-05-1828,12.737
01-06-1828,16.471
01-07-1828,18.197
01-08-1828,15.519
01-09-1828,13.352
01-10-1828,7.892
01-11-1828,3.56
01-12-1828,1.951
01-01-1829,-5.235
01-02-1829,-3.832
01-03-1829,1.509
01-04-1829,7.459
01-05-1829,11.902
01-06-1829,15.038
01-07-1829,17.328
01-08-1829,15.144
01-09-1829,12.306
01-10-1829,6.72
01-11-1829,-0.027
01-12-1829,-7.452
01-01-1830,-7.692
01-02-1830,-3.918
01-03-1830,4.435
01-04-1830,9.15
01-05-1830,12.694
01-06-1830,15.028
01-07-1830,17.753
01-08-1830,16.181
01-09-1830,12.097
01-10-1830,7.591
01-11-1830,4.944
01-12-1830,-0.788
01-01-1831,-3.802
01-02-1831,0.738
01-03-1831,3.903
01-04-1831,9.885
01-05-1831,12.027
01-06-1831,14.951
01-07-1831,18.039
01-08-1831,17.156
01-09-1831,12.145
01-10-1831,11.531
01-11-1831,3.288
01-12-1831,1.665
01-01-1832,-1.902
01-02-1832,0.027
01-03-1832,2.973
01-04-1832,7.991
01-05-1832,10.814
01-06-1832,15.277
01-07-1832,15.831
01-08-1832,17.475
01-09-1832,12.396
01-10-1832,8.37
01-11-1832,2.213
01-12-1832,0.598
01-01-1833,-4.557
01-02-1833,3.33
01-03-1833,1.893
01-04-1833,6.052
01-05-1833,15.928
01-06-1833,17.103
01-07-1833,16.194
01-08-1833,13.661
01-09-1833,12.4
01-10-1833,7.702
01-11-1833,3.587
01-12-1833,4.041
01-01-1834,3.531
01-02-1834,0.607
01-03-1834,3.586
01-04-1834,6.252
01-05-1834,14.771
01-06-1834,16.986
01-07-1834,20.849
01-08-1834,19.05
01-09-1834,15.105
01-10-1834,8.435
01-11-1834,3.752
01-12-1834,1.209
01-01-1835,0.279
01-02-1835,2.206
01-03-1835,3.309
01-04-1835,6.582
01-05-1835,11.679
01-06-1835,16.018
01-07-1835,18.5
01-08-1835,16.669
01-09-1835,14.084
01-10-1835,7.291
01-11-1835,0.354
01-12-1835,-1.466
01-01-1836,-1.361
01-02-1836,0.14
01-03-1836,6.526
01-04-1836,6.951
01-05-1836,10.063
01-06-1836,16.06
01-07-1836,17.007
01-08-1836,16.009
01-09-1836,12.128
01-10-1836,9.26
01-11-1836,2.715
01-12-1836,1.503
01-01-1837,-0.683
01-02-1837,0.181
01-03-1837,-0.05
01-04-1837,4.721
01-05-1837,9.874
01-06-1837,15.763
01-07-1837,16.07
01-08-1837,18.056
01-09-1837,11.826
01-10-1837,8.516
01-11-1837,3.185
01-12-1837,0.175
01-01-1838,-8.762
01-02-1838,-4.354
01-03-1838,2.713
01-04-1838,4.722
01-05-1838,11.962
01-06-1838,15.304
01-07-1838,16.796
01-08-1838,14.987
01-09-1838,14.208
01-10-1838,7.795
01-11-1838,2.515
01-12-1838,-0.477
01-01-1839,-1.257
01-02-1839,0.332
01-03-1839,0.618
01-04-1839,4.017
01-05-1839,11.828
01-06-1839,17.311
01-07-1839,18.06
01-08-1839,15.441
01-09-1839,14.189
01-10-1839,9.163
01-11-1839,4.922
01-12-1839,0.998
01-01-1840,-1.046
01-02-1840,-0.131
01-03-1840,-0.127
01-04-1840,8.525
01-05-1840,11.437
01-06-1840,15.224
01-07-1840,15.595
01-08-1840,16.361
01-09-1840,13.015
01-10-1840,6.135
01-11-1840,5.169
01-12-1840,-5.853
01-01-1841,-2.048
01-02-1841,-3.858
01-03-1841,4.823
01-04-1841,8.362
01-05-1841,15.716
01-06-1841,14.24
01-07-1841,15.376
01-08-1841,16.359
01-09-1841,14.578
01-10-1841,9.64
01-11-1841,4.339
01-12-1841,2.944
01-01-1842,-4.333
01-02-1842,-0.583
01-03-1842,4.101
01-04-1842,6.034
01-05-1842,13.437
01-06-1842,16.11
01-07-1842,16.611
01-08-1842,20.074
01-09-1842,13.36
01-10-1842,6.169
01-11-1842,1.009
01-12-1842,1.796
01-01-1843,0.204
01-02-1843,1.851
01-03-1843,2.474
01-04-1843,7.994
01-05-1843,10.759
01-06-1843,13.928
01-07-1843,16.379
01-08-1843,17.493
01-09-1843,13.082
01-10-1843,7.972
01-11-1843,4.707
01-12-1843,2.488
01-01-1844,-1.712
01-02-1844,-1.679
01-03-1844,1.87
01-04-1844,8.808
01-05-1844,11.888
01-06-1844,15.495
01-07-1844,14.93
01-08-1844,14.448
01-09-1844,13.648
01-10-1844,8.495
01-11-1844,4.584
01-12-1844,-4.137
01-01-1845,-0.471
01-02-1845,-5.84
01-03-1845,-3.534
01-04-1845,8.003
01-05-1845,10.017
01-06-1845,16.589
01-07-1845,17.874
01-08-1845,14.943
01-09-1845,12.338
01-10-1845,8.526
01-11-1845,5.118
01-12-1845,1.903
01-01-1846,0.343
01-02-1846,3.135
01-03-1846,5.686
01-04-1846,8.076
01-05-1846,12.161
01-06-1846,18.113
01-07-1846,19.018
01-08-1846,19.557
01-09-1846,14.717
01-10-1846,10.159
01-11-1846,3.087
01-12-1846,-4.051
01-01-1847,-3.267
01-02-1847,-1.369
01-03-1847,2.23
01-04-1847,4.928
01-05-1847,14.573
01-06-1847,14.358
01-07-1847,18.215
01-08-1847,18.172
01-09-1847,11.379
01-10-1847,7.46
01-11-1847,4.064
01-12-1847,-0.987
01-01-1848,-7.943
01-02-1848,2.558
01-03-1848,4.613
01-04-1848,9.321
01-05-1848,13.134
01-06-1848,16.798
01-07-1848,17.201
01-08-1848,15.974
01-09-1848,12.614
01-10-1848,9.379
01-11-1848,3.101
01-12-1848,0.539
01-01-1849,-1.616
01-02-1849,2.675
01-03-1849,2.34
01-04-1849,6.544
01-05-1849,13.135
01-06-1849,15.708
01-07-1849,16.209
01-08-1849,15.357
01-09-1849,12.875
01-10-1849,7.958
01-11-1849,1.944
01-12-1849,-2.353
01-01-1850,-6.307
01-02-1850,3.087
01-03-1850,0.683
01-04-1850,7.905
01-05-1850,11.428
01-06-1850,16.125
01-07-1850,16.786
01-08-1850,16.289
01-09-1850,11.505
01-10-1850,6.198
01-11-1850,4.793
01-12-1850,0.497
01-01-1851,0.561
01-02-1851,0.212
01-03-1851,3.077
01-04-1851,8.198
01-05-1851,9.05
01-06-1851,15.151
01-07-1851,16.132
01-08-1851,16.698
01-09-1851,11.488
01-10-1851,9.693
01-11-1851,0.497
01-12-1851,0.181
01-01-1852,1.93
01-02-1852,1.163
01-03-1852,0.942
01-04-1852,4.788
01-05-1852,12.827
01-06-1852,15.627
01-07-1852,19.429
01-08-1852,17.495
01-09-1852,13.311
01-10-1852,7.13
01-11-1852,6.248
01-12-1852,4.117
01-01-1853,1.978
01-02-1853,-2.741
01-03-1853,-1.961
01-04-1853,5.028
01-05-1853,11.227
01-06-1853,15.935
01-07-1853,18.007
01-08-1853,16.438
01-09-1853,12.88
01-10-1853,8.621
01-11-1853,2.052
01-12-1853,-4.987
01-01-1854,-1.13
01-02-1854,-0.902
01-03-1854,3.515
01-04-1854,7.356
01-05-1854,12.431
01-06-1854,14.777
01-07-1854,17.921
01-08-1854,16.23
01-09-1854,13.03
01-10-1854,8.545
01-11-1854,1.169
01-12-1854,1.454
01-01-1855,-3.894
01-02-1855,-6.192
01-03-1855,1.291
01-04-1855,5.782
01-05-1855,10.305
01-06-1855,15.569
01-07-1855,16.959
01-08-1855,17.294
01-09-1855,12.608
01-10-1855,10.333
01-11-1855,1.822
01-12-1855,-4.401
01-01-1856,-0.183
01-02-1856,1.579
01-03-1856,1.4
01-04-1856,8.355
01-05-1856,10.582
01-06-1856,15.755
01-07-1856,15.488
01-08-1856,17.27
01-09-1856,12.316
01-10-1856,9.227
01-11-1856,0.233
01-12-1856,0.752
01-01-1857,-2.423
01-02-1857,-0.799
01-03-1857,2.641
01-04-1857,6.833
01-05-1857,12.347
01-06-1857,16.197
01-07-1857,18.157
01-08-1857,18.995
01-09-1857,14.858
01-10-1857,10.447
01-11-1857,2.911
01-12-1857,1.878
01-01-1858,-3.057
01-02-1858,-3.713
01-03-1858,1.337
01-04-1858,7.062
01-05-1858,10.612
01-06-1858,18.74
01-07-1858,16.658
01-08-1858,16.906
01-09-1858,15.152
01-10-1858,8.704
01-11-1858,-1.351
01-12-1858,0.388
01-01-1859,0.146
01-02-1859,2.114
01-03-1859,5.891
01-04-1859,7.055
01-05-1859,12.491
01-06-1859,16.596
01-07-1859,20.152
01-08-1859,18.887
01-09-1859,13.289
01-10-1859,9.489
01-11-1859,2.56
01-12-1859,-2.39
01-01-1860,1.038
01-02-1860,-2.353
01-03-1860,1.232
01-04-1860,6.261
01-05-1860,12.739
01-06-1860,15.339
01-07-1860,15.346
01-08-1860,15.453
01-09-1860,12.848
01-10-1860,7.565
01-11-1860,1.007
01-12-1860,-1.735
01-01-1861,-5.935
01-02-1861,2.571
01-03-1861,4.673
01-04-1861,5.73
01-05-1861,10.366
01-06-1861,17.31
01-07-1861,17.744
01-08-1861,18.036
01-09-1861,13.236
01-10-1861,9.436
01-11-1861,3.941
01-12-1861,-0.038
01-01-1862,-2.185
01-02-1862,-0.166
01-03-1862,5.448
01-04-1862,9.198
01-05-1862,14.535
01-06-1862,14.793
01-07-1862,16.466
01-08-1862,16.245
01-09-1862,13.868
01-10-1862,10.066
01-11-1862,3.169
01-12-1862,0.609
01-01-1863,2.049
01-02-1863,1.884
01-03-1863,4.207
01-04-1863,7.96
01-05-1863,12.285
01-06-1863,15.483
01-07-1863,15.846
01-08-1863,18.012
01-09-1863,12.647
01-10-1863,10.213
01-11-1863,3.939
01-12-1863,2.138
01-01-1864,-5.448
01-02-1864,-1.135
01-03-1864,4.117
01-04-1864,5.726
01-05-1864,10.254
01-06-1864,15.06
01-07-1864,16.086
01-08-1864,14.469
01-09-1864,13.008
01-10-1864,7.209
01-11-1864,1.768
01-12-1864,-3.447
01-01-1865,-0.734
01-02-1865,-4.509
01-03-1865,-0.918
01-04-1865,9.701
01-05-1865,15.88
01-06-1865,14.109
01-07-1865,19.675
01-08-1865,16.303
01-09-1865,15.154
01-10-1865,8.793
01-11-1865,5.259
01-12-1865,-0.064
01-01-1866,2.835
01-02-1866,3.207
01-03-1866,2.434
01-04-1866,8.742
01-05-1866,9.629
01-06-1866,17.668
01-07-1866,16.213
01-08-1866,15.428
01-09-1866,14.74
01-10-1866,6.849
01-11-1866,3.853
01-12-1866,1.737
01-01-1867,-1.429
01-02-1867,3.8
01-03-1867,1.517
01-04-1867,7.52
01-05-1867,11.38
01-06-1867,15.248
01-07-1867,15.659
01-08-1867,17.34
01-09-1867,14.096
01-10-1867,7.68
01-11-1867,2.595
01-12-1867,-1.91
01-01-1868,-1.943
01-02-1868,3.099
01-03-1868,3.581
01-04-1868,6.943
01-05-1868,16.31
01-06-1868,16.976
01-07-1868,18.829
01-08-1868,18.854
01-09-1868,15.054
01-10-1868,8.313
01-11-1868,2.081
01-12-1868,4.226
01-01-1869,-1.361
01-02-1869,4.668
01-03-1869,1.186
01-04-1869,9.893
01-05-1869,12.659
01-06-1869,12.997
01-07-1869,18.463
01-08-1869,15.452
01-09-1869,14.54
01-10-1869,6.817
01-11-1869,3.112
01-12-1869,-0.747
01-01-1870,-0.821
01-02-1870,-4.469
01-03-1870,1.016
01-04-1870,7.46
01-05-1870,12.593
01-06-1870,15.215
01-07-1870,18.52
01-08-1870,15.676
01-09-1870,11.942
01-10-1870,7.675
01-11-1870,3.863
01-12-1870,-4.889
01-01-1871,-5.582
01-02-1871,-0.946
01-03-1871,4.765
01-04-1871,6.708
01-05-1871,9.624
01-06-1871,12.925
01-07-1871,17.605
01-08-1871,17.45
01-09-1871,14.04
01-10-1871,6.011
01-11-1871,0.586
01-12-1871,-4.225
01-01-1872,-0.028
01-02-1872,1.438
01-03-1872,4.747
01-04-1872,8.907
01-05-1872,12.567
01-06-1872,15.517
01-07-1872,18.535
01-08-1872,15.99
01-09-1872,14.395
01-10-1872,9.285
01-11-1872,5.828
01-12-1872,2.242
01-01-1873,2.075
01-02-1873,-0.795
01-03-1873,4.49
01-04-1873,6.358
01-05-1873,9.644
01-06-1873,15.942
01-07-1873,18.848
01-08-1873,17.81
01-09-1873,12.581
01-10-1873,9.263
01-11-1873,3.889
01-12-1873,0.777
01-01-1874,0.929
01-02-1874,-0.038
01-03-1874,3.416
01-04-1874,8.937
01-05-1874,9.2
01-06-1874,15.612
01-07-1874,19.496
01-08-1874,15.447
01-09-1874,15.082
01-10-1874,9.181
01-11-1874,1.087
01-12-1874,-2.131
01-01-1875,0.65
01-02-1875,-4.094
01-03-1875,0.616
01-04-1875,6.898
01-05-1875,13.183
01-06-1875,16.961
01-07-1875,17.403
01-08-1875,18.696
01-09-1875,13.736
01-10-1875,6.339
01-11-1875,2.117
01-12-1875,-2.289
01-01-1876,-3.506
01-02-1876,0.767
01-03-1876,3.75
01-04-1876,8.294
01-05-1876,8.993
01-06-1876,16.2
01-07-1876,18.001
01-08-1876,17.709
01-09-1876,12.493
01-10-1876,10.168
01-11-1876,1.508
01-12-1876,1.587
01-01-1877,1.973
01-02-1877,2.364
01-03-1877,1.827
01-04-1877,6.06
01-05-1877,9.821
01-06-1877,17.837
01-07-1877,17.071
01-08-1877,17.493
01-09-1877,10.699
01-10-1877,6.929
01-11-1877,5.786
01-12-1877,0.329
01-01-1878,-0.846
01-02-1878,1.958
01-03-1878,3.001
01-04-1878,8.531
01-05-1878,12.936
01-06-1878,15.631
01-07-1878,16.275
01-08-1878,17.21
01-09-1878,14.165
01-10-1878,9.291
01-11-1878,2.944
01-12-1878,-1.58
01-01-1879,-2.907
01-02-1879,0.134
01-03-1879,1.86
01-04-1879,5.962
01-05-1879,10.031
01-06-1879,15.819
01-07-1879,15.136
01-08-1879,17.499
01-09-1879,13.982
01-10-1879,7.544
01-11-1879,0.815
01-12-1879,-5.944
01-01-1880,-3.454
01-02-1880,0.224
01-03-1880,4.028
01-04-1880,8.604
01-05-1880,11.223
01-06-1880,15.037
01-07-1880,17.967
01-08-1880,16.982
01-09-1880,14.386
01-10-1880,7.494
01-11-1880,3.645
01-12-1880,3.183
01-01-1881,-5.621
01-02-1881,-0.292
01-03-1881,2.746
01-04-1881,5.402
01-05-1881,11.825
01-06-1881,15.137
01-07-1881,18.794
01-08-1881,16.184
01-09-1881,12.205
01-10-1881,4.863
01-11-1881,5.281
01-12-1881,0.515
01-01-1882,-0.019
01-02-1882,1.453
01-03-1882,6.2
01-04-1882,7.609
01-05-1882,11.994
01-06-1882,14.334
01-07-1882,16.932
01-08-1882,15.242
01-09-1882,13.392
01-10-1882,8.706
01-11-1882,3.721
01-12-1882,0.235
01-01-1883,-0.704
01-02-1883,2.187
01-03-1883,-1.252
01-04-1883,5.992
01-05-1883,12.389
01-06-1883,16.138
01-07-1883,16.819
01-08-1883,16.149
01-09-1883,13.514
01-10-1883,8.306
01-11-1883,4.111
01-12-1883,0.401
01-01-1884,2.402
01-02-1884,2.535
01-03-1884,4.769
01-04-1884,5.939
01-05-1884,12.611
01-06-1884,13.176
01-07-1884,18.262
01-08-1884,17.162
01-09-1884,14.385
01-10-1884,7.756
01-11-1884,1.591
01-12-1884,1.246
01-01-1885,-3.16
01-02-1885,2.834
01-03-1885,2.801
01-04-1885,9.038
01-05-1885,10.078
01-06-1885,16.599
01-07-1885,17.463
01-08-1885,14.912
01-09-1885,12.876
01-10-1885,7.272
01-11-1885,2.621
01-12-1885,-0.612
01-01-1886,-1.62
01-02-1886,-2.646
01-03-1886,0.653
01-04-1886,8.541
01-05-1886,12.601
01-06-1886,14.315
01-07-1886,16.98
01-08-1886,17.13
01-09-1886,15.213
01-10-1886,9.336
01-11-1886,4.902
01-12-1886,0.482
01-01-1887,-3.907
01-02-1887,-0.894
01-03-1887,1.306
01-04-1887,6.974
01-05-1887,10.126
01-06-1887,15.447
01-07-1887,18.875
01-08-1887,16.052
01-09-1887,12.522
01-10-1887,5.516
01-11-1887,2.965
01-12-1887,-1.044
01-01-1888,-2.281
01-02-1888,-2.527
01-03-1888,0.898
01-04-1888,5.632
01-05-1888,12.18
01-06-1888,15.807
01-07-1888,15.085
01-08-1888,15.445
01-09-1888,12.902
01-10-1888,6.392
01-11-1888,3.226
01-12-1888,0.139
01-01-1889,-2.537
01-02-1889,-2.371
01-03-1889,0.579
01-04-1889,6.821
01-05-1889,15.666
01-06-1889,18.567
01-07-1889,16.653
01-08-1889,15.742
01-09-1889,11.452
01-10-1889,8.002
01-11-1889,2.644
01-12-1889,-1.899
01-01-1890,1.68
01-02-1890,-2.44
01-03-1890,4.224
01-04-1890,6.806
01-05-1890,13.576
01-06-1890,14.017
01-07-1890,15.685
01-08-1890,16.91
01-09-1890,13.373
01-10-1890,7.183
01-11-1890,2.895
01-12-1890,-5.468
01-01-1891,-4.806
01-02-1891,-0.752
01-03-1891,2.838
01-04-1891,5.11
01-05-1891,12.659
01-06-1891,14.85
01-07-1891,16.569
01-08-1891,15.451
01-09-1891,14.15
01-10-1891,9.881
01-11-1891,2.593
01-12-1891,1.376
01-01-1892,-1.908
01-02-1892,0.55
01-03-1892,0.808
01-04-1892,7.051
01-05-1892,12.192
01-06-1892,15.284
01-07-1892,16.272
01-08-1892,18.436
01-09-1892,14.099
01-10-1892,7.363
01-11-1892,2.959
01-12-1892,-2.054
01-01-1893,-7.362
01-02-1893,1.607
01-03-1893,4.494
01-04-1893,8.747
01-05-1893,12.263
01-06-1893,15.782
01-07-1893,17.675
01-08-1893,17.387
01-09-1893,12.78
01-10-1893,9.758
01-11-1893,2.153
01-12-1893,0.08
01-01-1894,-2.109
01-02-1894,1.618
01-03-1894,4.87
01-04-1894,9.86
01-05-1894,11.374
01-06-1894,14.36
01-07-1894,18.082
01-08-1894,15.872
01-09-1894,11.393
01-10-1894,7.85
01-11-1894,4.765
01-12-1894,0.228
01-01-1895,-4.115
01-02-1895,-6.606
01-03-1895,1.631
01-04-1895,8.418
01-05-1895,12.24
01-06-1895,15.782
01-07-1895,17.549
01-08-1895,16.909
01-09-1895,15.606
01-10-1895,7.171
01-11-1895,4.814
01-12-1895,-0.329
01-01-1896,-1.186
01-02-1896,-0.235
01-03-1896,5.521
01-04-1896,5.975
01-05-1896,10.8
01-06-1896,16.824
01-07-1896,17.401
01-08-1896,14.833
01-09-1896,13.156
01-10-1896,8.56
01-11-1896,1.293
01-12-1896,-0.689
01-01-1897,-2.894
01-02-1897,1.128
01-03-1897,5.26
01-04-1897,7.256
01-05-1897,10.819
01-06-1897,16.99
01-07-1897,16.868
01-08-1897,17.609
01-09-1897,12.613
01-10-1897,7.364
01-11-1897,2.682
01-12-1897,0.913
01-01-1898,1.794
01-02-1898,1.208
01-03-1898,3.13
01-04-1898,7.324
01-05-1898,11.476
01-06-1898,14.95
01-07-1898,14.807
01-08-1898,18.353
01-09-1898,14.06
01-10-1898,8.866
01-11-1898,4.712
01-12-1898,2.697
01-01-1899,1.836
01-02-1899,2.042
01-03-1899,3.004
01-04-1899,7.261
01-05-1899,11.222
01-06-1899,14.825
01-07-1899,17.654
01-08-1899,17.205
01-09-1899,12.966
01-10-1899,7.89
01-11-1899,6.293
01-12-1899,-3.357
01-01-1900,0.364
01-02-1900,1.119
01-03-1900,0.873
01-04-1900,6.551
01-05-1900,10.953
01-06-1900,16.155
01-07-1900,18.703
01-08-1900,16.678
01-09-1900,14.175
01-10-1900,8.74
01-11-1900,4.679
01-12-1900,2.435
01-01-1901,-3.991
01-02-1901,-4.162
01-03-1901,2.305
01-04-1901,7.989
01-05-1901,12.817
01-06-1901,15.729
01-07-1901,18.625
01-08-1901,16.822
01-09-1901,13.643
01-10-1901,9.104
01-11-1901,2.64
01-12-1901,0.652
01-01-1902,2.344
01-02-1902,-1.2
01-03-1902,3.67
01-04-1902,7.778
01-05-1902,8.794
01-06-1902,15.305
01-07-1902,16.163
01-08-1902,15.242
01-09-1902,12.534
01-10-1902,7.049
01-11-1902,1.594
01-12-1902,-2.193
01-01-1903,-0.089
01-02-1903,3.464
01-03-1903,5.935
01-04-1903,4.725
01-05-1903,12.668
01-06-1903,14.9
01-07-1903,16.604
01-08-1903,15.947
01-09-1903,13.853
01-10-1903,9.566
01-11-1903,4.302
01-12-1903,-1.046
01-01-1904,-1.642
01-02-1904,1.05
01-03-1904,3.166
01-04-1904,8.793
01-05-1904,12.404
01-06-1904,15.38
01-07-1904,18.962
01-08-1904,16.967
01-09-1904,12.297
01-10-1904,8.273
01-11-1904,3.17
01-12-1904,1.984
01-01-1905,-2.161
01-02-1905,1.187
01-03-1905,4.712
01-04-1905,5.965
01-05-1905,12.105
01-06-1905,17.161
01-07-1905,19.023
01-08-1905,16.986
01-09-1905,13.094
01-10-1905,4.516
01-11-1905,3.08
01-12-1905,0.661
01-01-1906,0.599
01-02-1906,0.318
01-03-1906,2.491
01-04-1906,8.018
01-05-1906,13.194
01-06-1906,14.895
01-07-1906,17.439
01-08-1906,16.979
01-09-1906,12.931
01-10-1906,9.808
01-11-1906,6.022
01-12-1906,-2.446
01-01-1907,-0.895
01-02-1907,-1.648
01-03-1907,2.788
01-04-1907,6.113
01-05-1907,12.935
01-06-1907,14.788
01-07-1907,14.821
01-08-1907,16.119
01-09-1907,13.507
01-10-1907,11.202
01-11-1907,3.373
01-12-1907,1.128
01-01-1908,-2.68
01-02-1908,1.09
01-03-1908,2.528
01-04-1908,5.341
01-05-1908,13.286
01-06-1908,17.016
01-07-1908,17.426
01-08-1908,14.993
01-09-1908,12.462
01-10-1908,8.194
01-11-1908,1.48
01-12-1908,-0.88
01-01-1909,-2.079
01-02-1909,-2.582
01-03-1909,1.67
01-04-1909,7.781
01-05-1909,10.794
01-06-1909,14.117
01-07-1909,15.232
01-08-1909,16.583
01-09-1909,12.968
01-10-1909,10.158
01-11-1909,1.889
01-12-1909,1.511
01-01-1910,0.894
01-02-1910,2.269
01-03-1910,3.915
01-04-1910,7.232
01-05-1910,12.3
01-06-1910,16.605
01-07-1910,15.763
01-08-1910,16.239
01-09-1910,12.269
01-10-1910,9.109
01-11-1910,2.163
01-12-1910,2.267
01-01-1911,-1.533
01-02-1911,1.001
01-03-1911,4.089
01-04-1911,7.193
01-05-1911,13.177
01-06-1911,15.044
01-07-1911,19.289
01-08-1911,19.768
01-09-1911,14.708
01-10-1911,8.458
01-11-1911,4.623
01-12-1911,2.495
01-01-1912,-1.953
01-02-1912,2.109
01-03-1912,6.096
01-04-1912,6.788
01-05-1912,11.92
01-06-1912,15.643
01-07-1912,18.166
01-08-1912,14.396
01-09-1912,9.311
01-10-1912,6.481
01-11-1912,2.428
01-12-1912,2.664
01-01-1913,-0.644
01-02-1913,1.135
01-03-1913,6.026
01-04-1913,7.737
01-05-1913,12.383
01-06-1913,14.832
01-07-1913,14.817
01-08-1913,15.186
01-09-1913,12.996
01-10-1913,9.404
01-11-1913,6.57
01-12-1913,1.639
01-01-1914,-3.428
01-02-1914,2.943
01-03-1914,4.726
01-04-1914,9.648
01-05-1914,10.931
01-06-1914,14.61
01-07-1914,17.744
01-08-1914,17.55
01-09-1914,12.756
01-10-1914,8.023
01-11-1914,3.233
01-12-1914,3.107
01-01-1915,-0.189
01-02-1915,0.863
01-03-1915,1.828
01-04-1915,6.744
01-05-1915,13.039
01-06-1915,17.301
01-07-1915,16.438
01-08-1915,15.612
01-09-1915,12.155
01-10-1915,6.269
01-11-1915,1.372
01-12-1915,3.072
01-01-1916,3.265
01-02-1916,0.764
01-03-1916,4.041
01-04-1916,8.138
01-05-1916,13.068
01-06-1916,12.923
01-07-1916,16.183
01-08-1916,16.262
01-09-1916,12.193
01-10-1916,8.341
01-11-1916,4.464
01-12-1916,1.481
01-01-1917,-2.887
01-02-1917,-3.872
01-03-1917,0.055
01-04-1917,4.267
01-05-1917,14.804
01-06-1917,18.698
01-07-1917,17.484
01-08-1917,17.051
01-09-1917,14.773
01-10-1917,7.204
01-11-1917,4.839
01-12-1917,-2.422
01-01-1918,0.218
01-02-1918,1.43
01-03-1918,4.132
01-04-1918,8.886
01-05-1918,13.819
01-06-1918,13.055
01-07-1918,16.734
01-08-1918,16.258
01-09-1918,13.254
01-10-1918,7.829
01-11-1918,2.944
01-12-1918,3.364
01-01-1919,0.33
01-02-1919,-0.64
01-03-1919,3.079
01-04-1919,5.472
01-05-1919,11.488
01-06-1919,15.109
01-07-1919,14.592
01-08-1919,16.45
01-09-1919,15.01
01-10-1919,5.933
01-11-1919,0.457
01-12-1919,0.329
01-01-1920,1.783
01-02-1920,2.862
01-03-1920,6.282
01-04-1920,9.341
01-05-1920,13.825
01-06-1920,14.913
01-07-1920,17.533
01-08-1920,15.28
01-09-1920,13.174
01-10-1920,7.024
01-11-1920,1.213
01-12-1920,0.158
01-01-1921,3.715
01-02-1921,1.176
01-03-1921,5.86
01-04-1921,7.745
01-05-1921,13.911
01-06-1921,14.527
01-07-1921,18.785
01-08-1921,17.5
01-09-1921,13.825
01-10-1921,11.013
01-11-1921,-0.043
01-12-1921,0.162
01-01-1922,-2.896
01-02-1922,-1.358
01-03-1922,3.658
01-04-1922,5.569
01-05-1922,13.452
01-06-1922,15.598
01-07-1922,15.826
01-08-1922,15.593
01-09-1922,11.381
01-10-1922,5.095
01-11-1922,2.403
01-12-1922,1.79
01-01-1923,1.047
01-02-1923,0.825
01-03-1923,5.03
01-04-1923,6.711
01-05-1923,11.576
01-06-1923,11.321
01-07-1923,18.657
01-08-1923,16.071
01-09-1923,13.26
01-10-1923,10.236
01-11-1923,2.872
01-12-1923,-1.835
01-01-1924,-3.207
01-02-1924,-2.703
01-03-1924,2.298
01-04-1924,6.235
01-05-1924,13.616
01-06-1924,15.104
01-07-1924,16.916
01-08-1924,14.839
01-09-1924,13.844
01-10-1924,9.275
01-11-1924,2.996
01-12-1924,1.033
01-01-1925,2.026
01-02-1925,3.56
01-03-1925,1.464
01-04-1925,8.078
01-05-1925,13.825
01-06-1925,14.926
01-07-1925,18.046
01-08-1925,16.77
01-09-1925,11.316
01-10-1925,8.362
01-11-1925,1.965
01-12-1925,-0.868
01-01-1926,-0.47
01-02-1926,4.091
01-03-1926,4.043
01-04-1926,9.555
01-05-1926,10.801
01-06-1926,13.889
01-07-1926,17.579
01-08-1926,16.328
01-09-1926,14.906
01-10-1926,7.762
01-11-1926,6.05
01-12-1926,0.112
01-01-1927,1.405
01-02-1927,0.758
01-03-1927,6.007
01-04-1927,7.102
01-05-1927,10.989
01-06-1927,14.208
01-07-1927,17.582
01-08-1927,16.793
01-09-1927,13.776
01-10-1927,8.5
01-11-1927,2.662
01-12-1927,-2.82
01-01-1928,1.175
01-02-1928,2.335
01-03-1928,3.113
01-04-1928,7.448
01-05-1928,10.192
01-06-1928,14.164
01-07-1928,18.481
01-08-1928,16.599
01-09-1928,12.898
01-10-1928,8.61
01-11-1928,6.065
01-12-1928,-0.621
01-01-1929,-4.956
01-02-1929,-9.099
01-03-1929,2.599
01-04-1929,4.48
01-05-1929,13.072
01-06-1929,14.559
01-07-1929,17.669
01-08-1929,17.329
01-09-1929,15.807
01-10-1929,9.638
01-11-1929,4.585
01-12-1929,3.196
01-01-1930,1.906
01-02-1930,-0.2
01-03-1930,4.409
01-04-1930,8.327
01-05-1930,11.693
01-06-1930,18.202
01-07-1930,16.618
01-08-1930,16.294
01-09-1930,13.424
01-10-1930,8.681
01-11-1930,5.784
01-12-1930,0.255
01-01-1931,-0.21
01-02-1931,-1.22
01-03-1931,0.526
01-04-1931,5.776
01-05-1931,15.061
01-06-1931,16.115
01-07-1931,17.098
01-08-1931,15.789
01-09-1931,10.49
01-10-1931,7.38
01-11-1931,4.598
01-12-1931,-0.254
01-01-1932,1.35
01-02-1932,-2.053
01-03-1932,0.983
01-04-1932,6.965
01-05-1932,12.679
01-06-1932,14.578
01-07-1932,18.24
01-08-1932,19.126
01-09-1932,15.357
01-10-1932,8.464
01-11-1932,4.072
01-12-1932,0.477
01-01-1933,-2.937
01-02-1933,-0.004
01-03-1933,5.29
01-04-1933,6.928
01-05-1933,11.658
01-06-1933,14.556
01-07-1933,18.377
01-08-1933,17.487
01-09-1933,13.994
01-10-1933,8.847
01-11-1933,2.458
01-12-1933,-4.209
01-01-1934,0.061
01-02-1934,1.062
01-03-1934,4.34
01-04-1934,10.345
01-05-1934,13.482
01-06-1934,16.392
01-07-1934,18.469
01-08-1934,16.871
01-09-1934,15.896
01-10-1934,9.618
01-11-1934,3.973
01-12-1934,4.327
01-01-1935,-1.127
01-02-1935,1.804
01-03-1935,2.977
01-04-1935,7.371
01-05-1935,10.484
01-06-1935,17.343
01-07-1935,17.995
01-08-1935,17.014
01-09-1935,14.065
01-10-1935,8.617
01-11-1935,5.058
01-12-1935,0.059
01-01-1936,2.629
01-02-1936,0.082
01-03-1936,5.17
01-04-1936,6.45
01-05-1936,12.638
01-06-1936,16.272
01-07-1936,17.291
01-08-1936,16.667
01-09-1936,13.414
01-10-1936,6.164
01-11-1936,3.672
01-12-1936,1.268
01-01-1937,-1.209
01-02-1937,2.072
01-03-1937,3.035
01-04-1937,8.056
01-05-1937,14.954
01-06-1937,16.689
01-07-1937,17.56
01-08-1937,17.679
01-09-1937,13.899
01-10-1937,9.501
01-11-1937,3.177
01-12-1937,-0.87
01-01-1938,1.133
01-02-1938,0.942
01-03-1938,7.347
01-04-1938,5.338
01-05-1938,11.154
01-06-1938,16.354
01-07-1938,17.266
01-08-1938,18.239
01-09-1938,14.413
01-10-1938,8.758
01-11-1938,6.823
01-12-1938,-2.067
01-01-1939,2.091
01-02-1939,1.616
01-03-1939,2.071
01-04-1939,8.919
01-05-1939,10.698
01-06-1939,16.583
01-07-1939,17.52
01-08-1939,18.181
01-09-1939,13.853
01-10-1939,6.438
01-11-1939,5.267
01-12-1939,-1.811
01-01-1940,-9.094
01-02-1940,-4.598
01-03-1940,2.835
01-04-1940,7.94
01-05-1940,12.298
01-06-1940,16.58
01-07-1940,16.416
01-08-1940,14.802
01-09-1940,12.751
01-10-1940,7.464
01-11-1940,5.252
01-12-1940,-3.145
01-01-1941,-5.664
01-02-1941,-0.452
01-03-1941,3.462
01-04-1941,5.512
01-05-1941,9.293
01-06-1941,16.248
01-07-1941,18.633
01-08-1941,15.355
01-09-1941,12.54
01-10-1941,7.863
01-11-1941,1.803
01-12-1941,1.082
01-01-1942,-8.187
01-02-1942,-5.723
01-03-1942,1.373
01-04-1942,7.459
01-05-1942,12.116
01-06-1942,14.277
01-07-1942,16.23
01-08-1942,17.973
01-09-1942,15.508
01-10-1942,10.992
01-11-1942,3.225
01-12-1942,1.619
01-01-1943,-0.826
01-02-1943,2.962
01-03-1943,5.816
01-04-1943,9.356
01-05-1943,12.715
01-06-1943,14.518
01-07-1943,17.719
01-08-1943,18.327
01-09-1943,14.066
01-10-1943,9.891
01-11-1943,2.634
01-12-1943,-0.12
01-01-1944,2.591
01-02-1944,-1.07
01-03-1944,1.146
01-04-1944,8.519
01-05-1944,11.538
01-06-1944,14.335
01-07-1944,17.582
01-08-1944,19.973
01-09-1944,13.217
01-10-1944,8.59
01-11-1944,3.992
01-12-1944,-0.602
01-01-1945,-4.596
01-02-1945,3.534
01-03-1945,5.974
01-04-1945,8.866
01-05-1945,13.816
01-06-1945,16.577
01-07-1945,18.134
01-08-1945,16.576
01-09-1945,14.027
01-10-1945,9.487
01-11-1945,3.44
01-12-1945,0.971
01-01-1946,-2.118
01-02-1946,2.25
01-03-1946,3.797
01-04-1946,10.023
01-05-1946,13.915
01-06-1946,14.878
01-07-1946,18.569
01-08-1946,16.641
01-09-1946,14.435
01-10-1946,6.972
01-11-1946,3.768
01-12-1946,-2.53
01-01-1947,-4.981
01-02-1947,-6.7
01-03-1947,2.56
01-04-1947,9.405
01-05-1947,14.434
01-06-1947,17.739
01-07-1947,18.994
01-08-1947,18.908
01-09-1947,17.05
01-10-1947,7.918
01-11-1947,5.091
01-12-1947,1.083
01-01-1948,2.535
01-02-1948,0.41
01-03-1948,5.854
01-04-1948,9.907
01-05-1948,13.591
01-06-1948,15.633
01-07-1948,16.33
01-08-1948,16.793
01-09-1948,14.142
01-10-1948,8.733
01-11-1948,4.11
01-12-1948,0.471
01-01-1949,0.937
01-02-1949,1.637
01-03-1949,2.207
01-04-1949,10.275
01-05-1949,12.248
01-06-1949,14.119
01-07-1949,17.706
01-08-1949,17.241
01-09-1949,16.739
01-10-1949,10.724
01-11-1949,3.651
01-12-1949,2.634
01-01-1950,-1.377
01-02-1950,2.822
01-03-1950,5.038
01-04-1950,6.848
01-05-1950,13.826
01-06-1950,17.617
01-07-1950,18.271
01-08-1950,17.859
01-09-1950,13.159
01-10-1950,7.841
01-11-1950,4.071
01-12-1950,-2.134
01-01-1951,0.985
01-02-1951,1.841
01-03-1951,2.357
01-04-1951,7.338
01-05-1951,11.637
01-06-1951,15.549
01-07-1951,17.301
01-08-1951,17.673
01-09-1951,14.927
01-10-1951,7.642
01-11-1951,6.314
01-12-1951,2.233
01-01-1952,-0.109
01-02-1952,-0.174
01-03-1952,2.734
01-04-1952,10.325
01-05-1952,12.411
01-06-1952,15.404
01-07-1952,18.517
01-08-1952,18.188
01-09-1952,10.902
01-10-1952,7.173
01-11-1952,1.598
01-12-1952,-0.887
01-01-1953,-1.179
01-02-1953,-0.186
01-03-1953,5.067
01-04-1953,9.085
01-05-1953,13.373
01-06-1953,16.331
01-07-1953,17.939
01-08-1953,16.872
01-09-1953,13.991
01-10-1953,10.516
01-11-1953,4.658
01-12-1953,2.337
01-01-1954,-3.466
01-02-1954,-3.74
01-03-1954,4.601
01-04-1954,5.794
01-05-1954,12.278
01-06-1954,16.277
01-07-1954,14.831
01-08-1954,16.237
01-09-1954,13.921
01-10-1954,9.829
01-11-1954,3.96
01-12-1954,2.944
01-01-1955,-1.825
01-02-1955,-1.904
01-03-1955,0.592
01-04-1955,6.931
01-05-1955,10.57
01-06-1955,14.791
01-07-1955,17.73
01-08-1955,17.333
01-09-1955,13.958
01-10-1955,8.068
01-11-1955,3.762
01-12-1955,2.203
01-01-1956,0.024
01-02-1956,-9.298
01-03-1956,3.052
01-04-1956,5.419
01-05-1956,12.598
01-06-1956,13.594
01-07-1956,17.202
01-08-1956,14.655
01-09-1956,14.163
01-10-1956,8.337
01-11-1956,2.262
01-12-1956,1.626
01-01-1957,-0.139
01-02-1957,3.794
01-03-1957,6.585
01-04-1957,7.551
01-05-1957,9.909
01-06-1957,16.827
01-07-1957,18.137
01-08-1957,15.553
01-09-1957,12.203
01-10-1957,9.132
01-11-1957,4.528
01-12-1957,0.153
01-01-1958,-0.59
01-02-1958,1.85
01-03-1958,-0.157
01-04-1958,5.195
01-05-1958,13.614
01-06-1958,14.674
01-07-1958,17.342
01-08-1958,17.359
01-09-1958,14.948
01-10-1958,9.342
01-11-1958,4.236
01-12-1958,2.097
01-01-1959,-0.296
01-02-1959,-0.02
01-03-1959,6.485
01-04-1959,9.459
01-05-1959,12.828
01-06-1959,16.284
01-07-1959,19.542
01-08-1959,17.787
01-09-1959,14.101
01-10-1959,8.839
01-11-1959,3.375
01-12-1959,1.809
01-01-1960,-0.452
01-02-1960,0.164
01-03-1960,4.46
01-04-1960,7.532
01-05-1960,12.971
01-06-1960,16.423
01-07-1960,15.793
01-08-1960,16.396
01-09-1960,12.931
01-10-1960,9.07
01-11-1960,5.916
01-12-1960,0.966
01-01-1961,-1.107
01-02-1961,4.368
01-03-1961,6.34
01-04-1961,10.698
01-05-1961,10.758
01-06-1961,16.228
01-07-1961,15.601
01-08-1961,16.259
01-09-1961,16.777
01-10-1961,10.699
01-11-1961,3.674
01-12-1961,-0.805
01-01-1962,1.362
01-02-1962,0.157
01-03-1962,0.421
01-04-1962,8.345
01-05-1962,10.071
01-06-1962,14.31
01-07-1962,15.444
01-08-1962,16.428
01-09-1962,12.823
01-10-1962,9.256
01-11-1962,2.7
01-12-1962,-3.418
01-01-1963,-7.544
01-02-1963,-5.823
01-03-1963,2.562
01-04-1963,8.434
01-05-1963,12.145
01-06-1963,16.077
01-07-1963,18.009
01-08-1963,16.447
01-09-1963,14.183
01-10-1963,8.305
01-11-1963,7.222
01-12-1963,-3.371
01-01-1964,-2.882
01-02-1964,0.506
01-03-1964,0.747
01-04-1964,8.755
01-05-1964,13.683
01-06-1964,17.12
01-07-1964,18.296
01-08-1964,16.402
01-09-1964,14.083
01-10-1964,7.219
01-11-1964,4.853
01-12-1964,0.054
01-01-1965,0.885
01-02-1965,-1.949
01-03-1965,2.479
01-04-1965,6.828
01-05-1965,11.325
01-06-1965,15.721
01-07-1965,15.525
01-08-1965,15.449
01-09-1965,13.217
01-10-1965,8.549
01-11-1965,1.356
01-12-1965,2.211
01-01-1966,-2.966
01-02-1966,3.489
01-03-1966,3.448
01-04-1966,8.716
01-05-1966,13.224
01-06-1966,17.163
01-07-1966,16.006
01-08-1966,15.936
01-09-1966,13.723
01-10-1966,11.23
01-11-1966,2.216
01-12-1966,1.563
01-01-1967,0.304
01-02-1967,2.729
01-03-1967,5.643
01-04-1967,6.633
01-05-1967,12.836
01-06-1967,14.969
01-07-1967,18.948
01-08-1967,16.954
01-09-1967,14.256
01-10-1967,11.317
01-11-1967,3.922
01-12-1967,-0.011
01-01-1968,-1.378
01-02-1968,0.673
01-03-1968,4.7
01-04-1968,9.178
01-05-1968,11.234
01-06-1968,16.296
01-07-1968,16.579
01-08-1968,16.782
01-09-1968,13.915
01-10-1968,10.216
01-11-1968,3.847
01-12-1968,-2.159
01-01-1969,0.066
01-02-1969,-2.197
01-03-1969,1.113
01-04-1969,7.136
01-05-1969,13.317
01-06-1969,15.054
01-07-1969,18.735
01-08-1969,17.051
01-09-1969,14.315
01-10-1969,10.219
01-11-1969,5.052
01-12-1969,-4.905
01-01-1970,-2.721
01-02-1970,-1.331
01-03-1970,1.234
01-04-1970,5.512
01-05-1970,11.665
01-06-1970,17.371
01-07-1970,16.565
01-08-1970,17.229
01-09-1970,13.804
01-10-1970,8.986
01-11-1970,5.708
01-12-1970,0.251
01-01-1971,-1.329
01-02-1971,1.29
01-03-1971,1.058
01-04-1971,8.441
01-05-1971,14.176
01-06-1971,14.359
01-07-1971,18.213
01-08-1971,18.424
01-09-1971,12.613
01-10-1971,9.22
01-11-1971,3.527
01-12-1971,3.21
01-01-1972,-2.377
01-02-1972,1.947
01-03-1972,5.607
01-04-1972,7.302
01-05-1972,11.796
01-06-1972,14.785
01-07-1972,18.028
01-08-1972,16.222
01-09-1972,11.278
01-10-1972,7.088
01-11-1972,4.281
01-12-1972,0.701
01-01-1973,-0.199
01-02-1973,1.047
01-03-1973,4.274
01-04-1973,5.255
01-05-1973,12.85
01-06-1973,16.457
01-07-1973,17.557
01-08-1973,18.23
01-09-1973,14.683
01-10-1973,7.456
01-11-1973,3.306
01-12-1973,-0.082
01-01-1974,3.006
01-02-1974,3.15
01-03-1974,5.801
01-04-1974,8.213
01-05-1974,11.322
01-06-1974,14.404
01-07-1974,15.74
01-08-1974,17.733
01-09-1974,13.697
01-10-1974,5.482
01-11-1974,4.743
01-12-1974,4.354
01-01-1975,4.13
01-02-1975,1.539
01-03-1975,3.851
01-04-1975,6.893
01-05-1975,12.208
01-06-1975,14.973
01-07-1975,18.513
01-08-1975,19.296
01-09-1975,16.092
01-10-1975,7.695
01-11-1975,3.045
01-12-1975,0.889
01-01-1976,0.882
01-02-1976,0.482
01-03-1976,1.621
01-04-1976,7.216
01-05-1976,13.235
01-06-1976,17.633
01-07-1976,19.69
01-08-1976,16.736
01-09-1976,13.165
01-10-1976,9.683
01-11-1976,4.722
01-12-1976,-1.259
01-01-1977,0.155
01-02-1977,2.995
01-03-1977,6.374
01-04-1977,5.765
01-05-1977,11.97
01-06-1977,15.761
01-07-1977,16.799
01-08-1977,16.311
01-09-1977,12.38
01-10-1977,10.297
01-11-1977,5.092
01-12-1977,1.759
01-01-1978,0.504
01-02-1978,-1.354
01-03-1978,5.034
01-04-1978,6.661
01-05-1978,11.818
01-06-1978,15.174
01-07-1978,15.835
01-08-1978,15.66
01-09-1978,12.509
01-10-1978,9.17
01-11-1978,4.127
01-12-1978,0.055
01-01-1979,-4.693
01-02-1979,-1.727
01-03-1979,3.82
01-04-1979,6.451
01-05-1979,12.76
01-06-1979,16.896
01-07-1979,15.631
01-08-1979,15.974
01-09-1979,13.663
01-10-1979,8.84
01-11-1979,3.643
01-12-1979,3.562
01-01-1980,-2.852
01-02-1980,2.181
01-03-1980,3.398
01-04-1980,6.138
01-05-1980,10.819
01-06-1980,14.993
01-07-1980,15.352
01-08-1980,17.025
01-09-1980,14.379
01-10-1980,8.122
01-11-1980,2.954
01-12-1980,0.218
01-01-1981,-1.686
01-02-1981,-0.359
01-03-1981,6.849
01-04-1981,7.957
01-05-1981,13.385
01-06-1981,15.583
01-07-1981,16.648
01-08-1981,16.83
01-09-1981,14.439
01-10-1981,8.132
01-11-1981,4.514
01-12-1981,-2.446
01-01-1982,-2.469
01-02-1982,-0.058
01-03-1982,4.49
01-04-1982,6.725
01-05-1982,12.718
01-06-1982,16.62
01-07-1982,19.094
01-08-1982,17.721
01-09-1982,16.261
01-10-1982,9.746
01-11-1982,6.008
01-12-1982,2.024
01-01-1983,3.708
01-02-1983,-1.598
01-03-1983,4.708
01-04-1983,8.649
01-05-1983,11.643
01-06-1983,16.46
01-07-1983,20.603
01-08-1983,18.601
01-09-1983,14.253
01-10-1983,9.295
01-11-1983,3.542
01-12-1983,0.364
01-01-1984,0.834
01-02-1984,-0.288
01-03-1984,2.349
01-04-1984,6.851
01-05-1984,11.058
01-06-1984,14.061
01-07-1984,16.151
01-08-1984,17.504
01-09-1984,12.645
01-10-1984,10.365
01-11-1984,4.972
01-12-1984,0.974
01-01-1985,-5.665
01-02-1985,-2.892
01-03-1985,2.981
01-04-1985,7.752
01-05-1985,13.533
01-06-1985,13.86
01-07-1985,17.693
01-08-1985,16.76
01-09-1985,13.966
01-10-1985,9.108
01-11-1985,0.821
01-12-1985,3.443
01-01-1986,-0.199
01-02-1986,-6.281
01-03-1986,3.17
01-04-1986,6.398
01-05-1986,14.419
01-06-1986,16.063
01-07-1986,17.425
01-08-1986,16.716
01-09-1986,11.81
01-10-1986,9.868
01-11-1986,5.892
01-12-1986,1.74
01-01-1987,-5.984
01-02-1987,-0.391
01-03-1987,-0.252
01-04-1987,9.115
01-05-1987,9.997
01-06-1987,14.202
01-07-1987,17.254
01-08-1987,15.93
01-09-1987,15.022
01-10-1987,9.455
01-11-1987,4.865
01-12-1987,1.858
01-01-1988,3.355
01-02-1988,2.122
01-03-1988,2.851
01-04-1988,8.088
01-05-1988,14.412
01-06-1988,15.317
01-07-1988,17.496
01-08-1988,17.375
01-09-1988,13.633
01-10-1988,9.721
01-11-1988,2.938
01-12-1988,3.039
01-01-1989,2.295
01-02-1989,3.456
01-03-1989,7.296
01-04-1989,7.311
01-05-1989,14.024
01-06-1989,15.623
01-07-1989,18.049
01-08-1989,17.449
01-09-1989,14.9
01-10-1989,10.627
01-11-1989,2.918
01-12-1989,2.21
01-01-1990,2.381
01-02-1990,5.922
01-03-1990,7.262
01-04-1990,7.566
01-05-1990,14.212
01-06-1990,15.556
01-07-1990,16.978
01-08-1990,18.789
01-09-1990,12.197
01-10-1990,10.438
01-11-1990,4.495
01-12-1990,0.478
01-01-1991,1.398
01-02-1991,-2.385
01-03-1991,6.69
01-04-1991,7.214
01-05-1991,9.714
01-06-1991,13.783
01-07-1991,19.341
01-08-1991,18.367
01-09-1991,15.316
01-10-1991,8.386
01-11-1991,3.93
01-12-1991,0.523
01-01-1992,0.793
01-02-1992,2.895
01-03-1992,5.085
01-04-1992,7.881
01-05-1992,14.576
01-06-1992,17.453
01-07-1992,18.951
01-08-1992,19.537
01-09-1992,13.861
01-10-1992,6.582
01-11-1992,5.327
01-12-1992,1.129
01-01-1993,2.297
01-02-1993,-0.683
01-03-1993,3.855
01-04-1993,10.324
01-05-1993,14.927
01-06-1993,15.837
01-07-1993,16.436
01-08-1993,16.252
01-09-1993,12.761
01-10-1993,8.086
01-11-1993,0.662
01-12-1993,2.848
01-01-1994,2.802
01-02-1994,-0.032
01-03-1994,6.602
01-04-1994,8.042
01-05-1994,12.76
01-06-1994,16.124
01-07-1994,21.556
01-08-1994,18.349
01-09-1994,13.655
01-10-1994,7.885
01-11-1994,7.164
01-12-1994,3.257
01-01-1995,0.002
01-02-1995,4.497
01-03-1995,3.379
01-04-1995,8.431
01-05-1995,12.466
01-06-1995,14.567
01-07-1995,20.397
01-08-1995,18.715
01-09-1995,13.066
01-10-1995,11.862
01-11-1995,3.023
01-12-1995,-2.003
01-01-1996,-2.832
01-02-1996,-2.246
01-03-1996,1.286
01-04-1996,8.517
01-05-1996,11.434
01-06-1996,15.872
01-07-1996,16.161
01-08-1996,17.599
01-09-1996,11.248
01-10-1996,9.369
01-11-1996,4.459
01-12-1996,-2.374
01-01-1997,-2.789
01-02-1997,4.011
01-03-1997,6.078
01-04-1997,6.414
01-05-1997,12.907
01-06-1997,16.054
01-07-1997,17.509
01-08-1997,20.28
01-09-1997,14.368
01-10-1997,7.913
01-11-1997,3.963
01-12-1997,1.876
01-01-1998,2.189
01-02-1998,4.369
01-03-1998,5.043
01-04-1998,8.916
01-05-1998,14.256
01-06-1998,16.769
01-07-1998,16.816
01-08-1998,17.177
01-09-1998,13.716
01-10-1998,8.644
01-11-1998,1.473
01-12-1998,0.693
01-01-1999,2.396
01-02-1999,0.259
01-03-1999,5.615
01-04-1999,9.053
01-05-1999,13.952
01-06-1999,15.459
01-07-1999,19.23
01-08-1999,17.668
01-09-1999,17.331
01-10-1999,9.195
01-11-1999,3.448
01-12-1999,1.843
01-01-2000,0.71
01-02-2000,3.878
01-03-2000,5.317
01-04-2000,10.207
01-05-2000,15.011
01-06-2000,17.181
01-07-2000,15.661
01-08-2000,18.125
01-09-2000,14.338
01-10-2000,10.702
01-11-2000,6.157
01-12-2000,2.958
01-01-2001,0.664
01-02-2001,2.273
01-03-2001,4.339
01-04-2001,7.196
01-05-2001,14.468
01-06-2001,14.543
01-07-2001,18.723
01-08-2001,18.988
01-09-2001,12.116
01-10-2001,12.595
01-11-2001,3.738
01-12-2001,-0.558
01-01-2002,0.943
01-02-2002,4.996
01-03-2002,5.557
01-04-2002,8.128
01-05-2002,14.027
01-06-2002,17.539
01-07-2002,18.017
01-08-2002,19.184
01-09-2002,13.566
01-10-2002,8.2
01-11-2002,5.399
01-12-2002,0.092
01-01-2003,-0.524
01-02-2003,-1.725
01-03-2003,5.609
01-04-2003,8.416
01-05-2003,14.327
01-06-2003,19.466
01-07-2003,19.382
01-08-2003,20.872
01-09-2003,14.393
01-10-2003,6.01
01-11-2003,6.032
01-12-2003,1.673
01-01-2004,-0.45
01-02-2004,2.407
01-03-2004,4.256
01-04-2004,9.373
01-05-2004,11.765
01-06-2004,15.526
01-07-2004,17.157
01-08-2004,18.903
01-09-2004,14.428
01-10-2004,10.13
01-11-2004,4.21
01-12-2004,0.936
01-01-2005,1.795
01-02-2005,-1.04
01-03-2005,3.746
01-04-2005,9.317
01-05-2005,13.07
01-06-2005,16.636
01-07-2005,18.406
01-08-2005,16.218
01-09-2005,15.464
01-10-2005,11.214
01-11-2005,4.151
01-12-2005,0.564
01-01-2006,-2.711
01-02-2006,-0.295
01-03-2006,1.711
01-04-2006,8.18
01-05-2006,13.378
01-06-2006,17.107
01-07-2006,22.343
01-08-2006,16.045
01-09-2006,17.316
01-10-2006,12.174
01-11-2006,6.976
01-12-2006,4.248
01-01-2007,4.453
01-02-2007,3.936
01-03-2007,6.42
01-04-2007,11.701
01-05-2007,14.459
01-06-2007,17.801
01-07-2007,17.62
01-08-2007,17.303
01-09-2007,12.894
01-10-2007,8.417
01-11-2007,3.587
01-12-2007,1.379
01-01-2008,3.361
01-02-2008,3.872
01-03-2008,4.392
01-04-2008,7.787
01-05-2008,14.84
01-06-2008,17.336
01-07-2008,18.456
01-08-2008,17.788
01-09-2008,12.795
01-10-2008,9.138
01-11-2008,5.027
01-12-2008,0.914
01-01-2009,-2.155
01-02-2009,0.567
01-03-2009,4.436
01-04-2009,11.963
01-05-2009,13.966
01-06-2009,15.258
01-07-2009,18.498
01-08-2009,19.145
01-09-2009,15.141
01-10-2009,8.172
01-11-2009,7.263
01-12-2009,0.056
01-01-2010,-3.752
01-02-2010,-0.436
01-03-2010,4.352
01-04-2010,8.842
01-05-2010,10.829
01-06-2010,16.688
01-07-2010,20.753
01-08-2010,17.154
01-09-2010,12.744
01-10-2010,8.144
01-11-2010,4.642
01-12-2010,-3.852
01-01-2011,0.778
01-02-2011,0.934
01-03-2011,5.19
01-04-2011,11.706
01-05-2011,14.242
01-06-2011,16.977
01-07-2011,16.538
01-08-2011,18.152
01-09-2011,15.605
01-10-2011,9.498
01-11-2011,4.611
01-12-2011,3.604
01-01-2012,1.753
01-02-2012,-2.467
01-03-2012,7.115
01-04-2012,8.259
01-05-2012,14.474
01-06-2012,15.623
01-07-2012,17.834
01-08-2012,18.822
01-09-2012,14.03
01-10-2012,8.847
01-11-2012,5.22
01-12-2012,1.216
01-01-2013,-0.067
01-02-2013,-0.731
01-03-2013,0.394
01-04-2013,8.213
01-05-2013,12.151
01-06-2013,15.927
01-07-2013,19.762
01-08-2013,18.233
01-09-2013,